asset,category,observations,coverage_pct,window_gaps,min_price_first,min_price_last,min_price_low,min_price_high,min_price_abs_change,min_price_pct_change,min_price_transitions,min_price_pct_adjacent_changed,min_price_distinct_states,median_price_first,median_price_last,median_price_pct_change,median_price_transitions,quantity_first,quantity_last,quantity_low,quantity_high,quantity_abs_change,quantity_pct_change,quantity_transitions,quantity_pct_adjacent_changed,quantity_distinct_states,sales_24h_first,sales_24h_last,sales_24h_min,sales_24h_max,sales_24h_abs_change,sales_24h_transitions,sales_24h_distinct_states,history_state_transitions,history_state_distinct,distinct_market_states,realized_vol_daily_pct,observed_range_pct,position_in_range_pct,contraction_frequency_pct,expansion_frequency_pct,listing_volatility_5m,price_return_1h,price_return_6h,price_return_24h,price_return_period,listing_change_1h,listing_change_6h,listing_change_24h,listing_change_period,freshness_median_s,freshness_p95_s,freshness_max_s,freshness_over_10m
AK-47 | Bloodsport (Field-Tested),weapons,2015,99.9504,1,120.59,118.23,109.27,122.0,-2.3599999999999994,-1.9570445310556426,44,2.185792349726776,40,152.42,151.76,-0.4330140401522088,82,115,103,103,117,-12,-10.434782608695652,73,3.626428216592151,14,2,5,2,6,3,5,5,12,13,143,5.932146253034389,11.650041182392243,70.38491751767482,2.136115250869349,1.4903129657228018,0.001981466168660094,-0.027153789187854827,0.0819987187700193,-0.019163763066202155,-0.019570445310556406,0,-2,-2,-12,302.99,311.8159,904.672,14
AK-47 | Crane Flight (Field-Tested),weapons,2015,99.9504,1,13.2,17.31,11.04,17.97,4.109999999999999,31.136363636363633,123,6.110283159463488,78,17.93,23.34,30.172894590072506,187,104,41,39,106,-63,-60.57692307692308,198,9.836065573770492,68,18,22,17,27,4,7,6,11,12,217,54.0027869443274,62.77173913043479,90.47619047619048,6.905116741182315,2.930948832588177,0.006544786820722772,-0.010291595197255532,-0.02533783783783805,-0.029164329781267484,0.3113636363636363,1,-1,-3,-63,302.99,311.8159,904.672,14
AK-47 | Inheritance (Field-Tested),weapons,2015,99.9504,1,37.08,36.77,26.27,38.45,-0.30999999999999517,-0.8360302049622308,122,6.0606060606060606,65,49.1,48.62,-0.9775967413442036,214,321,294,287,329,-27,-8.411214953271028,221,10.978638847491306,42,20,17,12,20,-3,6,5,12,13,262,25.528767874784574,46.36467453368863,86.20689655172416,6.607054148037754,4.371584699453552,0.0015481509497348024,0.0,0.04997144488863503,0.04937214611872154,-0.008360302049622348,-1,5,1,-27,302.99,311.8159,904.672,14
AK-47 | Olive Polycam (Factory New),weapons,2015,99.9504,1,0.38,0.37,0.37,0.39,-0.010000000000000009,-2.6315789473684235,3,0.14903129657228018,3,2.05,2.04,-0.48780487804877015,3,1815,1815,1811,1818,0,0.0,26,1.291604570293095,8,0,2,0,4,2,5,4,12,13,34,1.717302661015529,5.405405405405411,0.0,0.6458022851465475,0.6458022851465475,6.953675881826409e-05,0.0,0.0,0.0,-0.02631578947368418,1,3,3,0,302.99,311.8159,904.672,14
AK-47 | Redline (Field-Tested),weapons,2015,99.9504,1,29.12,29.06,25.6,29.32,-0.060000000000002274,-0.20604395604396383,42,2.0864381520119224,27,52.95,52.52,-0.81208687440982,64,584,575,565,585,-9,-1.5410958904109588,113,5.61351217088922,21,8,11,7,14,3,7,6,12,13,167,10.666902046020237,14.531249999999995,93.01075268817199,3.278688524590164,2.334823646299056,0.0005749677487161991,0.0,0.13161993769470404,0.03490028490028485,-0.002060439560439664,0,-3,0,-9,302.99,311.8159,904.672,14
AK-47 | Vulcan (Factory New),weapons,2015,99.9504,1,570.9,551.83,551.83,588.55,-19.069999999999936,-3.340339814328243,17,0.8445106805762543,16,935.21,817.17,-12.621764095764595,19,28,27,23,28,-1,-3.5714285714285716,11,0.546448087431694,6,1,0,0,3,-1,2,3,12,13,41,3.3102020812952127,6.65422322091947,0.0,0.29806259314456035,0.24838549428713363,0.0029278366314721437,0.0,-0.015204782725082522,-0.035919565331329895,-0.033403398143282415,0,0,1,-1,302.99,311.8159,904.672,14
AK-47 | Vulcan (Field-Tested),weapons,2015,99.9504,1,170.68,169.25,158.97,176.12,-1.4300000000000068,-0.8378251699086049,28,1.3909587680079483,23,266.66,256.83,-3.686342158553979,38,96,101,96,102,5,5.208333333333333,29,1.4406358668653751,7,3,0,0,3,-3,5,4,12,13,95,6.839955697429165,10.788199031263764,59.9416909620991,0.6458022851465475,0.7948335817188277,0.0013440561421053684,0.0,0.0,-0.027578282102844076,-0.008378251699086015,0,0,3,5,302.99,311.8159,904.672,14
AK-47 | Wild Lotus (Factory New),weapons,2015,99.9504,1,15453.24,15453.24,15393.89,15453.24,0.0,0.0,10,0.49677098857426727,7,15453.24,15453.24,0.0,10,1,1,1,1,0,0.0,0,0.0,1,0,0,0,0,0,0,1,0,1,14,0.2547087068201018,0.3855425756582668,100.0,0.0,0.0,0.0,0.0,0.0,6.471139044617047e-07,0.0,0,0,0,0,302.99,311.8159,904.672,14
AUG | Contractor (Field-Tested),weapons,2015,99.9504,1,0.02,0.02,0.02,0.02,0.0,0.0,0,0.0,1,0.04,0.04,0.0,0,7865,7843,7830,7865,-22,-0.27972027972027974,44,2.185792349726776,23,0,0,0,33,0,2,2,3,4,27,0.0,0.0,,0.9935419771485345,1.1922503725782414,9.395754255030341e-05,0.0,0.0,0.0,0.0,0,-2,-2,-22,302.99,311.8159,904.672,14
AUG | Hot Rod (Factory New),weapons,2015,99.9504,1,470.84,466.81,317.5,470.84,-4.029999999999973,-0.8559170843598617,23,1.1425732737208147,21,595.29,551.59,-7.340959868299472,9,4,6,4,6,2,50.0,4,0.19870839542970692,3,0,1,0,1,1,1,2,8,9,26,20.006635219931017,48.296062992125975,97.37185339767838,0.04967709885742673,0.14903129657228018,0.009196380958895611,0.0,0.0,-0.0007492079801353357,-0.008559170843598585,0,0,0,2,302.99,311.8159,904.672,14
AUG | Storm (Field-Tested),weapons,2015,99.9504,1,0.02,0.02,0.02,0.02,0.0,0.0,0,0.0,1,0.04,0.04,0.0,0,7748,7756,7744,7757,8,0.10325245224574084,38,1.8877297565822155,14,1,0,0,2,-1,3,3,7,8,26,0.0,0.0,,0.7948335817188277,1.092896174863388,2.1525299535561588e-05,0.0,0.0,0.0,0.0,0,0,2,8,302.99,311.8159,904.672,14
AWP | Asiimov (Field-Tested),weapons,2015,99.9504,1,111.31,104.98,99.91,111.83,-6.329999999999998,-5.686820591141854,48,2.384500745156483,36,138.65,136.99,-1.1972592859718691,99,209,207,195,210,-2,-0.9569377990430622,88,4.371584699453552,16,9,0,0,9,-9,7,7,12,13,173,7.8663955173469216,11.93073766389751,42.53355704697992,2.384500745156483,1.987083954297069,0.0016279752499760262,0.0,0.0,-0.023169256536707872,-0.0568682059114185,0,0,4,-2,302.99,311.8159,904.672,14
AWP | Atheris (Field-Tested),weapons,2015,99.9504,1,4.71,4.55,3.83,4.79,-0.16000000000000014,-3.39702760084926,58,2.8812717337307503,30,5.51,5.46,-0.9074410163339351,18,498,497,482,500,-1,-0.20080321285140562,130,6.458022851465475,19,10,6,6,18,-4,7,7,11,12,120,18.692699911055698,25.065274151436032,74.99999999999997,3.874813710879285,2.58320914058619,0.0010292212782163216,0.0,0.006637168141592875,0.020179372197309364,-0.03397027600849256,1,4,8,-1,302.99,311.8159,904.672,14
AWP | Atheris (Well-Worn),weapons,2015,99.9504,1,3.74,3.44,2.98,3.82,-0.30000000000000027,-8.021390374331558,28,1.3909587680079483,17,4.27,4.18,-2.107728337236531,13,203,212,201,214,9,4.433497536945813,44,2.185792349726776,12,3,5,2,5,2,3,3,12,13,65,12.714475222046229,28.187919463087244,54.76190476190477,0.9935419771485345,1.1922503725782414,0.0009057834780722393,0.0,-0.011494252873563204,-0.011494252873563204,-0.0802139037433156,0,0,-2,9,302.99,311.8159,904.672,14
AWP | Dragon Lore (Factory New),weapons,2015,99.9504,1,11771.23,11572.83,11572.83,13810.8,-198.39999999999964,-1.6854653252039051,11,0.546448087431694,10,13831.02,13716.86,-0.8253910412970255,13,5,5,3,5,0,0.0,6,0.29806259314456035,3,0,0,0,1,0,2,2,8,9,19,9.270608954442821,19.33813941792975,0.0,0.14903129657228018,0.14903129657228018,0.013717441374249531,0.0,-0.008660322616291238,-0.009304439833172418,-0.016854653252039054,0,1,1,0,302.99,311.8159,904.672,14
Antwerp 2022 Legends Sticker Capsule,capsules/stickers,2015,99.9504,1,0.47,0.37,0.32,0.53,-0.09999999999999998,-21.276595744680847,10,0.49677098857426727,7,1.7,1.68,-1.1764705882352953,8,2260,2238,2231,2312,-22,-0.9734513274336283,21,1.0432190760059612,17,1,64,0,64,63,6,7,9,10,33,21.86956079878759,65.62500000000001,23.809523809523803,0.6458022851465475,0.39741679085941384,0.0008519911332632825,0.0,0.0,-0.21276595744680848,-0.21276595744680848,0,0,-1,-22,302.99,311.8159,904.672,14
Budapest 2025 Legends Sticker Capsule,capsules/stickers,2015,99.9504,1,0.16,0.21,0.16,0.21,0.04999999999999999,31.249999999999993,1,0.04967709885742673,2,0.35,0.35,0.0,0,9398,9308,9308,9398,-90,-0.9576505639497765,6,0.29806259314456035,7,24,0,0,73,-24,6,6,8,9,11,10.285784309207637,31.249999999999993,100.0,0.29806259314456035,0.0,0.00013999881001657417,0.0,0.0,0.0,0.3125,0,0,0,-90,302.99,311.8159,904.672,14
CS:GO Weapon Case,cases,2015,99.9504,1,114.76,102.73,102.73,114.76,-12.030000000000001,-10.482746601603345,30,1.4903129657228018,27,205.62,191.88,-6.682229355121102,21,360,378,359,378,18,5.0,17,0.8445106805762543,13,0,2,0,6,2,6,4,12,13,61,2.791332021424151,11.710308575878516,0.0,0.24838549428713363,0.5961251862891207,0.0005901569098712811,0.0,0.0,-0.027730456180200536,-0.10482746601603343,0,5,13,18,302.99,311.8159,904.672,14
Chroma 2 Case,cases,2015,99.9504,1,3.63,3.42,2.79,3.64,-0.20999999999999996,-5.785123966942148,103,5.116741182314953,35,4.85,4.65,-4.123711340206171,11,18621,18112,17741,18704,-509,-2.7334729606358414,179,8.892200695479383,147,513,97,80,513,-416,7,8,12,13,220,28.447979704172514,30.465949820788534,74.11764705882351,5.116741182314953,3.775459513164431,0.0007540524369358094,-0.00291545189504383,-0.00291545189504383,0.04587155963302747,-0.05785123966942152,0,-94,107,-509,302.99,311.8159,904.672,14
Clutch Case,cases,2015,99.9504,1,0.55,0.53,0.34,0.59,-0.020000000000000018,-3.6363636363636394,66,3.278688524590164,18,1.02,1.0,-1.960784313725492,7,28646,28921,28612,28937,275,0.9599944145779515,140,6.954793840039741,93,457,60,27,457,-397,7,8,10,11,162,42.228779813326305,73.52941176470586,76.00000000000001,3.0303030303030303,3.9244908097367115,0.00019806065524240356,0.0,0.06000000000000005,0.06000000000000005,-0.036363636363636376,0,-4,105,275,302.99,311.8159,904.672,14
Danger Zone Case,cases,2015,99.9504,1,1.09,1.05,0.92,1.09,-0.040000000000000036,-3.6697247706422047,118,5.861897665176354,15,1.86,1.84,-1.075268817204302,6,93632,91877,91856,93655,-1755,-1.8743591934381407,267,13.263785394932937,212,205,222,156,834,17,7,8,11,12,287,23.377560016576137,18.478260869565222,76.4705882352941,8.49478390461997,4.769001490312966,0.00013154576848135765,0.0,0.0,0.0,-0.03669724770642202,2,14,-325,-1755,302.99,311.8159,904.672,14
Desert Eagle | Printstream (Field-Tested),weapons,2015,99.9504,1,37.28,37.41,32.91,38.21,0.12999999999999545,0.3487124463519191,122,6.0606060606060606,64,44.49,44.28,-0.4720161834120046,183,457,438,436,458,-19,-4.157549234135668,232,11.525086934923001,23,20,16,11,22,-4,6,6,12,13,266,17.69384988611396,16.10452749924037,84.90566037735842,6.756085444610035,4.769001490312966,0.0010886638747318962,0.021015283842794608,0.07747695852534564,0.01217532467532445,0.0034871244635192866,-4,-4,-2,-19,302.99,311.8159,904.672,14
Dreams & Nightmares Case,cases,2015,99.9504,1,1.17,1.13,0.82,1.25,-0.040000000000000036,-3.418803418803422,306,15.201192250372578,36,1.79,1.79,0.0,13,60994,60545,59766,61087,-449,-0.7361379807849953,542,26.924987580725286,352,671,936,192,1303,265,7,8,11,12,576,68.0149396739711,52.439024390243915,72.09302325581393,15.449577744659711,11.475409836065573,0.0004520693777097372,0.008928571428571175,-0.06611570247933896,-0.08870967741935487,-0.03418803418803418,15,20,276,-449,302.99,311.8159,904.672,14
Fever Case,cases,2015,99.9504,1,0.62,0.58,0.41,0.68,-0.040000000000000036,-6.451612903225812,50,2.483854942871336,14,1.46,1.45,-0.6849315068493157,1,36716,38263,36613,38374,1547,4.213421941387951,161,7.9980129160457025,140,67,19,19,158,-48,7,7,9,10,173,36.33197038726272,65.85365853658539,62.96296296296295,4.123199205166419,3.874813710879285,0.0005976600646325711,0.0,-0.09375000000000011,-0.09375000000000011,-0.06451612903225812,-3,-56,396,1547,302.99,311.8159,904.672,14
Fracture Case,cases,2015,99.9504,1,0.48,0.47,0.21,0.52,-0.010000000000000009,-2.0833333333333353,69,3.427719821162444,16,0.8,0.78,-2.500000000000002,4,28760,29129,28731,29138,369,1.2830319888734354,215,10.680576254346747,158,256,51,25,256,-205,7,8,9,10,215,66.26923787621914,147.61904761904765,83.87096774193547,5.0670640834575265,5.61351217088922,0.00021790633243621356,0.0,0.021739130434782483,0.11904761904761907,-0.02083333333333337,0,21,92,369,302.99,311.8159,904.672,14
Glock-18 | Candy Apple (Factory New),weapons,2015,99.9504,1,2.44,2.31,1.85,2.44,-0.1299999999999999,-5.327868852459012,67,3.3283656234475907,32,4.1,3.89,-5.121951219512184,16,789,775,765,790,-14,-1.7743979721166032,114,5.663189269746646,26,13,7,7,18,-6,7,6,11,12,143,20.771482029688347,31.891891891891884,77.96610169491527,3.7257824143070044,1.9374068554396424,0.0006004045125920613,0.0,0.0,-0.045454545454545414,-0.05327868852459017,0,-2,0,-14,302.99,311.8159,904.672,14
Glock-18 | Sand Dune (Field-Tested),weapons,2015,99.9504,1,9.08,15.18,9.06,17.0,6.1,67.18061674008811,6,0.29806259314456035,7,17.34,16.88,-2.6528258362168446,6,4,3,3,4,-1,-25.0,1,0.04967709885742673,2,0,0,0,1,0,2,2,9,10,12,24.1434522973855,87.63796909492274,77.07808564231738,0.04967709885742673,0.0,0.005572089983649915,0.0,0.0,-0.0006583278472679366,0.6718061674008811,0,0,0,-1,302.99,311.8159,904.672,14
Glove Case,cases,2015,99.9504,1,10.77,10.51,9.35,11.28,-0.2599999999999998,-2.414113277623025,82,4.0735221063089915,51,21.96,21.01,-4.3260473588342405,38,8528,8729,8457,8729,201,2.356941838649156,163,8.097367113760557,107,20,30,4,132,10,7,8,12,13,199,16.08693958213013,20.641711229946523,60.103626943005196,3.775459513164431,4.321907600596125,0.0003586795982035167,0.0,0.0,-0.03133640552995387,-0.0241411327762302,0,12,25,201,302.99,311.8159,904.672,14
Huntsman Weapon Case,cases,2015,99.9504,1,7.82,7.41,7.08,7.92,-0.41000000000000014,-5.24296675191816,21,1.0432190760059612,17,11.83,11.67,-1.3524936601859692,6,1547,1557,1542,1560,10,0.6464124111182935,29,1.4406358668653751,18,0,4,0,8,4,6,6,12,13,53,6.516934755054769,11.864406779661016,39.2857142857143,0.7948335817188277,0.6458022851465475,0.0002483663363545117,0.0,0.0,0.005427408412483015,-0.052429667519181655,0,0,-1,10,302.99,311.8159,904.672,14
Kilowatt Case,cases,2015,99.9504,1,0.2,0.2,0.12,0.21,0.0,0.0,35,1.7386984600099353,6,0.52,0.53,1.9230769230769247,2,11681,10942,10858,11681,-739,-6.326513140998202,71,3.5270740188772978,60,103,14,14,192,-89,7,8,8,9,79,65.34545502479226,75.0,88.88888888888891,2.384500745156483,1.1425732737208147,0.0005371496110828525,0.3333333333333335,0.0,0.3333333333333335,0.0,-41,-14,-27,-739,302.99,311.8159,904.672,14
M4A1-S | Black Lotus (Field-Tested),weapons,2015,99.9504,1,4.03,3.86,3.28,4.22,-0.17000000000000037,-4.21836228287842,139,6.905116741182315,43,6.42,6.36,-0.9345794392523303,4,1358,1342,1333,1366,-16,-1.1782032400589102,260,12.91604570293095,34,20,21,17,35,1,7,8,11,12,233,28.47159039274341,28.658536585365855,61.70212765957448,7.898658718330849,5.017386984600099,0.0004779663229859904,0.040431266846361114,-0.025252525252525304,-0.015306122448979553,-0.042183622828784184,0,-10,-13,-16,302.99,311.8159,904.672,14
M4A1-S | Blue Phosphor (Factory New),weapons,2015,99.9504,1,586.53,578.89,546.65,593.25,-7.639999999999986,-1.3025761683119341,32,1.5896671634376554,25,910.66,898.89,-1.292469198163967,64,92,89,86,94,-3,-3.260869565217391,53,2.6328862394436165,9,4,5,0,6,1,6,7,12,13,98,4.095348797932609,8.524650141772618,69.18454935622316,1.4903129657228018,1.1425732737208147,0.0019942018072581003,0.011656355947013308,0.0,-0.0006387459862583489,-0.013025761683119308,-1,2,1,-3,302.99,311.8159,904.672,14
M4A1-S | Decimator (Battle-Scarred),weapons,2015,99.9504,1,10.31,11.09,8.16,11.36,0.7799999999999994,7.5654704170708,14,0.6954793840039741,13,12.64,12.57,-0.5537974683544326,13,77,74,74,77,-3,-3.896103896103896,7,0.34773969200198707,4,0,0,0,1,0,2,2,10,11,30,16.47568546696529,39.2156862745098,91.56250000000001,0.24838549428713363,0.09935419771485346,0.0007790100126558251,0.0,0.06429942418426093,0.06327900287631838,0.07565470417070808,0,-1,-1,-3,302.99,311.8159,904.672,14
M4A1-S | Decimator (Field-Tested),weapons,2015,99.9504,1,11.57,11.62,10.01,12.22,0.049999999999998934,0.43215211754536675,43,2.136115250869349,32,14.74,14.62,-0.8141112618724626,26,278,273,266,279,-5,-1.7985611510791366,67,3.3283656234475907,14,3,8,1,14,5,6,5,12,13,96,9.94634579294396,22.077922077922086,72.85067873303161,1.639344262295082,1.6890213611525087,0.001095847819364329,0.0,0.0,0.013077593722754965,0.004321521175453702,0,1,1,-5,302.99,311.8159,904.672,14
M4A1-S | Hot Rod (Factory New),weapons,2015,99.9504,1,1471.53,1469.53,1332.51,1524.2,-2.0,-0.13591296133955816,18,0.8941877794336811,18,2140.57,2129.32,-0.5255609487192663,22,28,27,27,29,-1,-3.5714285714285716,7,0.34773969200198707,3,0,1,0,1,1,3,2,10,11,45,5.554111792514026,14.385633128456828,71.4799937398925,0.19870839542970692,0.14903129657228018,0.0021189857178896465,0.0,0.0,-0.0007547734319752752,-0.001359129613395571,0,0,0,-1,302.99,311.8159,904.672,14
M4A4 | Neo-Noir (Field-Tested),weapons,2015,99.9504,1,31.78,31.5,29.82,32.62,-0.28000000000000114,-0.8810572687224705,29,1.4406358668653751,23,41.89,41.59,-0.7161613750298332,36,256,247,246,256,-9,-3.515625,42,2.0864381520119224,11,3,2,1,4,-1,6,4,12,13,79,4.349724291915864,9.389671361502337,60.00000000000005,1.291604570293095,0.7948335817188277,0.0005921516659099698,0.0,0.0,-0.0006345177664974777,-0.008810572687224738,0,-1,1,-9,302.99,311.8159,904.672,14
Operation Bravo Case,cases,2015,99.9504,1,57.68,51.37,51.37,57.68,-6.310000000000002,-10.939667128987521,15,0.7451564828614009,14,74.02,73.06,-1.296946771142926,17,328,339,328,339,11,3.3536585365853657,17,0.8445106805762543,11,0,1,0,2,1,3,3,12,13,47,2.7583849221706846,12.28343391084291,0.0,0.29806259314456035,0.546448087431694,0.0004964634871710913,0.0,-0.01872015281757411,-0.07324553490889418,-0.10939667128987518,0,2,4,11,302.99,311.8159,904.672,14
Operation Breakout Weapon Case,cases,2015,99.9504,1,7.6,7.46,6.45,7.64,-0.13999999999999968,-1.8421052631578907,108,5.365126676602086,44,10.01,9.84,-1.6983016983016976,10,36015,37141,35937,37142,1126,3.1264750798278493,253,12.568306010928962,147,45,111,44,274,66,7,8,12,13,255,14.230702186228484,18.449612403100765,84.87394957983194,6.954793840039741,5.61351217088922,0.0005372982364085983,0.0,-0.0013386880856760541,-0.004005340453938633,-0.018421052631578894,-1,9,1012,1126,302.99,311.8159,904.672,14
Operation Broken Fang Case,cases,2015,99.9504,1,5.4,5.64,4.88,5.69,0.23999999999999932,4.444444444444431,30,1.4903129657228018,21,9.12,9.15,0.32894736842106514,15,10907,10584,10584,10928,-323,-2.9614009351792427,80,3.974167908594138,65,74,49,10,183,-25,7,8,12,13,95,9.16343894973795,16.598360655737718,93.82716049382707,2.831594634873323,1.1425732737208147,0.0003536742196865743,0.0,0.0,0.0053475935828875,0.04444444444444429,-1,-11,-51,-323,302.99,311.8159,904.672,14
Operation Hydra Case,cases,2015,99.9504,1,31.06,29.18,28.04,31.19,-1.879999999999999,-6.052801030264002,16,0.7948335817188277,12,42.01,39.85,-5.141632944537007,22,355,395,353,395,40,11.267605633802816,26,1.291604570293095,16,1,2,0,2,1,5,3,12,13,48,4.108649993424114,11.233951497860208,36.19047619047618,0.44709388971684055,0.8445106805762543,0.0016870252693723055,0.0,0.0,-0.00068493150684934,-0.06052801030263999,0,0,6,40,302.99,311.8159,904.672,14
Operation Riptide Case,cases,2015,99.9504,1,8.92,7.49,7.49,8.92,-1.4299999999999997,-16.031390134529143,24,1.1922503725782414,21,13.31,13.12,-1.4274981217130074,13,4077,4163,4036,4168,86,2.109394162374295,38,1.8877297565822155,29,1,1,0,21,0,7,6,12,13,66,8.644497869245047,19.092122830440584,0.0,0.7948335817188277,1.092896174863388,0.0005624340868075537,-0.09650180940892628,-0.08323133414932682,-0.10084033613445376,-0.16031390134529144,0,-2,38,86,302.99,311.8159,904.672,14
P250 | Asiimov (Field-Tested),weapons,2015,99.9504,1,12.21,12.29,10.75,12.41,0.0799999999999983,0.6552006552006412,22,1.092896174863388,17,14.0,13.88,-0.8571428571428515,4,303,290,287,303,-13,-4.29042904290429,46,2.2851465474416295,15,8,6,2,9,-2,7,6,11,12,54,8.99820811606836,15.44186046511628,92.77108433734934,1.1425732737208147,1.1425732737208147,0.0008746864707759693,0.0,0.0,-0.0016246953696182898,0.006552006552006384,0,0,0,-13,302.99,311.8159,904.672,14
P250 | Sand Dune (Minimal Wear),weapons,2015,99.9504,1,0.04,0.05,0.04,0.05,0.010000000000000002,25.000000000000004,1,0.04967709885742673,2,0.21,0.15,-28.571428571428573,2,852,889,852,889,37,4.342723004694836,15,0.7451564828614009,6,0,1,0,1,1,3,2,7,8,23,8.440315812721048,25.000000000000004,100.0,0.29806259314456035,0.44709388971684055,0.0009185260990084932,0.0,0.0,0.0,0.25,0,0,0,37,302.99,311.8159,904.672,14
Paris 2023 Contenders Sticker Capsule,capsules/stickers,2015,99.9504,1,0.15,0.15,0.15,0.15,0.0,0.0,0,0.0,1,0.31,0.3,-3.225806451612906,1,17879,17786,17786,17879,-93,-0.5201633200962023,9,0.44709388971684055,10,0,17,0,30,17,6,6,7,8,12,0.0,0.0,,0.44709388971684055,0.0,5.070164213108868e-05,0.0,0.0,0.0,0.0,0,-26,-43,-93,302.99,311.8159,904.672,14
Recoil Case,cases,2015,99.9504,1,0.31,0.32,0.15,0.39,0.010000000000000009,3.225806451612906,66,3.278688524590164,12,0.72,0.71,-1.3888888888888902,1,49952,49813,49803,50103,-139,-0.27826713645099294,112,5.563835072031793,82,115,28,28,157,-87,7,8,10,11,138,63.910269602927585,160.00000000000003,70.83333333333333,3.874813710879285,1.6890213611525087,9.833701835735503e-05,0.0,0.06666666666666665,-0.08571428571428563,0.032258064516129004,-20,-34,-52,-139,302.99,311.8159,904.672,14
SSG 08 | Acid Fade (Factory New),weapons,2015,99.9504,1,0.74,0.71,0.61,0.74,-0.030000000000000027,-4.054054054054058,22,1.092896174863388,9,2.25,2.17,-3.555555555555559,7,3177,3139,3139,3181,-38,-1.196096946805162,101,5.017386984600099,36,7,8,4,16,1,6,6,11,12,90,11.61350286202251,21.311475409836067,76.9230769230769,3.2290114257327374,1.7883755588673622,0.00010999895280250298,0.0,-0.01388888888888895,0.0,-0.04054054054054057,0,-2,-10,-38,302.99,311.8159,904.672,14
Shattered Web Case,cases,2015,99.9504,1,4.24,4.07,3.87,4.47,-0.16999999999999993,-4.009433962264149,45,2.235469448584203,33,7.72,7.68,-0.5181347150259072,9,6984,6807,6807,7056,-177,-2.5343642611683848,50,2.483854942871336,36,8,24,2,24,16,7,7,11,12,84,6.830018883620177,15.503875968992238,33.333333333333385,1.6890213611525087,0.7948335817188277,0.000502886435477277,0.0,-0.007317073170731603,0.012437810945273853,-0.04009433962264153,-5,-221,-226,-177,302.99,311.8159,904.672,14
Souvenir AWP | Dragon Lore (Factory New),weapons,1750,86.8056,1,14163.91,12747.52,12747.52,15253.6,-1416.3899999999994,-9.999992939802635,20,1.1441647597254005,10,14163.91,12747.52,-9.999992939802635,20,1,1,1,1,0,0.0,0,0.0,1,0,0,0,0,0,0,1,0,1,20,10.041841753831656,19.65935334872979,0.0,0.0,0.0,0.0,-0.024988106365045004,-0.16429433051869724,-0.024988106365045004,-0.09999992939802638,0,0,0,0,302.9875,311.77035,904.672,8
Spectrum 2 Case,cases,2015,99.9504,1,2.7,2.69,2.42,2.78,-0.010000000000000231,-0.3703703703703789,93,4.619970193740685,25,3.78,3.7,-2.1164021164021065,25,40929,41920,40817,42314,991,2.4212660949449045,228,11.326378539493293,152,313,187,104,657,-126,7,8,11,12,246,12.454619927066032,14.876033057851235,75.00000000000003,6.756085444610035,4.570293094883259,0.0006485732470376842,0.0,0.042635658914728536,0.07600000000000007,-0.0037037037037037646,-1,38,53,991,302.99,311.8159,904.672,14
StatTrak™ M4A4 | Howl (Factory New),weapons,2015,99.9504,1,16797.19,16343.5,16343.5,16797.19,-453.6899999999987,-2.700987486597453,8,0.39741679085941384,7,16932.63,16570.34,-2.1395967430930742,11,2,2,2,2,0,0.0,0,0.0,1,0,0,0,0,0,0,1,5,6,17,0.7997971460709479,2.7759659803591563,0.0,0.0,0.0,0.0,0.0,0.0,-0.0006493776491796055,-0.027009874865974504,0,0,0,0,302.99,311.8159,904.672,14
Sticker Capsule 2,capsules/stickers,2015,99.9504,1,10.65,10.59,7.52,10.65,-0.0600000000000005,-0.5633802816901455,42,2.0864381520119224,26,25.14,25.15,0.039777247414471,11,1211,1181,1181,1224,-30,-2.477291494632535,28,1.3909587680079483,22,7,8,0,24,1,6,7,12,13,61,24.642380106962545,41.622340425531924,98.08306709265173,0.8445106805762543,0.546448087431694,0.0005792922380589267,0.0,0.0,-0.0009433962264150386,-0.005633802816901401,0,0,0,-30,302.99,311.8159,904.672,14
Sticker | 100 Thieves | 2020 RMR,capsules/stickers,2015,99.9504,1,0.02,0.02,0.02,0.02,0.0,0.0,0,0.0,1,0.04,0.04,0.0,0,3488,3484,3484,3488,-4,-0.11467889908256881,3,0.14903129657228018,4,1,0,0,1,-1,3,2,4,5,12,0.0,0.0,,0.14903129657228018,0.0,1.565101929138384e-05,0.0,0.0,0.0,0.0,0,0,0,-4,302.99,311.8159,904.672,14
Sticker | Bad News Eagles | Paris 2023,capsules/stickers,2015,99.9504,1,0.02,0.02,0.02,0.02,0.0,0.0,0,0.0,1,0.02,0.02,0.0,0,9051,9053,9050,9072,2,0.02209700585570655,8,0.39741679085941384,8,0,0,0,22,0,3,3,5,6,12,0.0,0.0,,0.09935419771485346,0.29806259314456035,7.186749498953053e-05,0.0,0.0,0.0,0.0,0,2,2,2,302.99,311.8159,904.672,14
Sticker | Crown (Foil),capsules/stickers,2015,99.9504,1,505.01,379.4,288.39,505.01,-125.61000000000001,-24.872774796538685,30,1.4903129657228018,28,881.65,653.75,-25.84925991039528,21,15,22,15,22,7,46.666666666666664,13,0.6458022851465475,7,0,2,0,2,2,6,3,12,13,49,23.236625188930493,75.1135614965845,42.01366448158065,0.14903129657228018,0.49677098857426727,0.005181781281386249,0.0,0.0,-0.0006585012511524102,-0.24872774796538688,0,1,2,7,302.99,311.8159,904.672,14
Sticker | Dragon Lore (Foil),capsules/stickers,2015,99.9504,1,8.59,7.24,7.23,8.59,-1.3499999999999996,-15.715948777648425,13,0.6458022851465475,12,12.3,12.2,-0.8130081300813123,4,162,159,158,163,-3,-1.8518518518518519,9,0.44709388971684055,6,0,0,0,2,0,4,3,11,12,25,9.204745333578042,18.810511756569838,0.7352941176470434,0.29806259314456035,0.14903129657228018,0.00041565562828037165,0.0,-0.14823529411764702,-0.14823529411764702,-0.15715948777648425,0,1,1,-3,302.99,311.8159,904.672,14
Sticker | High Heat,capsules/stickers,2015,99.9504,1,0.57,0.47,0.38,0.58,-0.09999999999999998,-17.543859649122805,32,1.5896671634376554,14,1.62,1.61,-0.6172839506172845,7,2133,2111,2080,2168,-22,-1.0314111579934364,43,2.136115250869349,29,7,4,0,50,-3,7,8,10,11,55,45.08838601495291,52.63157894736841,44.99999999999999,1.4406358668653751,0.6954793840039741,0.0011372329489522197,0.0,0.0,0.021739130434782483,-0.17543859649122806,0,-5,-7,-22,302.99,311.8159,904.672,14
Sticker | Howling Dawn,capsules/stickers,2015,99.9504,1,5847.2,5813.85,5811.52,5847.2,-33.349999999999454,-0.5703584621699181,11,0.546448087431694,12,5847.2,5813.85,-0.5703584621699181,11,1,1,1,1,0,0.0,0,0.0,1,0,0,0,0,0,0,1,0,1,17,0.21600981861872717,0.6139529761576898,6.530269058295874,0.0,0.0,0.0,0.0,0.0,-0.0017582145880300493,-0.005703584621699176,0,0,0,0,302.99,311.8159,904.672,14
Sticker | Reason Gaming (Holo) | Katowice 2014,capsules/stickers,2015,99.9504,1,82430.91,81750.57,81750.57,82430.91,-680.3399999999965,-0.8253457349918817,5,0.24838549428713363,6,82430.91,81750.57,-0.8253457349918817,5,1,1,1,1,0,0.0,0,0.0,1,0,0,0,0,0,0,1,0,1,10,0.1799685886314005,0.8322143808905509,0.0,0.0,0.0,0.0,0.0,0.0,-0.0006497259537829869,-0.00825345734991878,0,0,0,0,302.99,311.8159,904.672,14
Sticker | Team Liquid | Paris 2023,capsules/stickers,2015,99.9504,1,0.02,0.02,0.02,0.02,0.0,0.0,0,0.0,1,0.04,0.04,0.0,4,12222,12214,12213,12225,-8,-0.06545573555882835,8,0.39741679085941384,6,1,0,0,1,-1,3,2,4,5,14,0.0,0.0,,0.19870839542970692,0.19870839542970692,2.1266759109839152e-05,0.0,0.0,0.0,0.0,0,0,0,-8,302.99,311.8159,904.672,14
Sticker | Titan (Holo) | Cologne 2014,capsules/stickers,2015,99.9504,1,174.57,155.12,155.12,174.57,-19.44999999999999,-11.141662370395824,10,0.49677098857426727,11,329.59,227.06,-31.1083467338208,6,17,20,17,20,3,17.647058823529413,1,0.04967709885742673,2,0,0,0,0,0,0,1,6,7,25,3.4365525734252658,12.538679731820519,0.0,0.0,0.04967709885742673,0.0039332399884587635,0.0,0.0,-0.0006442468754026542,-0.11141662370395822,0,0,0,3,302.99,311.8159,904.672,14
Sticker | Titan | Cluj-Napoca 2015,capsules/stickers,2015,99.9504,1,67.65,58.37,58.37,67.65,-9.280000000000008,-13.717664449371776,5,0.24838549428713363,6,78.77,78.12,-0.8251872540307116,4,69,71,69,71,2,2.898550724637681,1,0.04967709885742673,2,1,0,0,1,-1,1,2,8,9,18,5.269459873387858,15.898578036662684,0.0,0.0,0.04967709885742673,0.000646039418394193,0.0,0.0,-0.0006848142441362448,-0.1371766444937178,0,0,0,2,302.99,311.8159,904.672,14
Sticker | Virtus.pro | Katowice 2015,capsules/stickers,2015,99.9504,1,16.63,16.67,16.57,16.79,0.0400000000000027,0.2405291641611708,9,0.44709388971684055,8,46.59,46.5,-0.19317450096587982,8,18,16,16,18,-2,-11.11111111111111,4,0.19870839542970692,3,0,0,0,1,0,4,2,11,12,20,0.8877804650843193,1.327700663850325,45.454545454546334,0.14903129657228018,0.04967709885742673,0.0025503987288077036,0.0,0.0,-0.0005995203836929308,0.00240529164161174,0,0,0,-2,302.99,311.8159,904.672,14
Sticker | Winding Scorch (Foil),capsules/stickers,2015,99.9504,1,1.64,1.84,1.29,1.85,0.20000000000000018,12.195121951219523,28,1.3909587680079483,18,5.41,5.43,0.36968576709795886,6,1891,1799,1799,1891,-92,-4.865150713907985,41,2.0367610531544957,33,15,14,2,32,-1,7,8,11,12,54,16.824365818435023,43.4108527131783,98.21428571428572,1.6890213611525087,0.34773969200198707,0.0003322443320993642,0.0,0.0,-0.005405405405405461,0.12195121951219523,0,0,0,-92,302.99,311.8159,904.672,14
Sticker | iBUYPOWER (Holo) | Cologne 2014,capsules/stickers,2015,99.9504,1,276.11,274.54,274.42,276.11,-1.5699999999999932,-0.5686139582050607,11,0.546448087431694,12,423.75,420.25,-0.8259587020648967,5,17,17,17,17,0,0.0,0,0.0,1,0,0,0,0,0,0,1,5,6,19,0.21595415650464267,0.6158443262152896,7.10059171597661,0.0,0.0,0.0,0.0,0.0,-0.0017453276125370953,-0.005686139582050553,0,0,0,0,302.99,311.8159,904.672,14
Sticker | iBUYPOWER | Cologne 2014,capsules/stickers,2015,99.9504,1,87.41,93.39,87.41,98.68,5.980000000000004,6.841322503146099,11,0.546448087431694,12,135.37,137.17,1.3296890005170887,8,33,28,28,33,-5,-15.151515151515152,5,0.24838549428713363,6,0,0,0,3,0,3,3,11,12,18,3.353348408752551,12.893261640544571,53.06122448979591,0.24838549428713363,0.0,0.001611127635665711,0.0,0.0,-0.0006420545746388395,0.06841322503146108,0,0,0,-5,302.99,311.8159,904.672,14
Stockholm 2021 Challengers Sticker Capsule,capsules/stickers,2015,99.9504,1,1.75,1.69,1.63,1.77,-0.06000000000000005,-3.4285714285714315,10,0.49677098857426727,10,4.84,4.2,-13.223140495867764,12,2806,2980,2806,3008,174,6.2009978617248755,24,1.1922503725782414,22,23,1,0,42,-22,7,7,11,12,43,4.047067438122998,8.588957055214733,42.857142857142854,0.6954793840039741,0.49677098857426727,0.0011623120253793852,0.0,0.005952380952380931,0.005952380952380931,-0.034285714285714364,0,-17,-28,174,302.99,311.8159,904.672,14
Stockholm 2021 Legends Sticker Capsule,capsules/stickers,2015,99.9504,1,0.87,0.96,0.75,0.96,0.08999999999999997,10.344827586206893,12,0.5961251862891207,8,5.01,4.94,-1.3972055888223434,7,9372,9457,9372,9545,85,0.9069568928723858,29,1.4406358668653751,22,4,0,0,90,-4,6,6,10,11,40,8.61648469244252,27.999999999999996,100.0,0.8445106805762543,0.5961251862891207,0.00032438841090393154,0.0,0.0,0.05494505494505497,0.10344827586206895,1,1,-19,85,302.99,311.8159,904.672,14
USP-S | Printstream (Field-Tested),weapons,2015,99.9504,1,38.69,38.28,34.45,41.27,-0.4099999999999966,-1.0597053502196863,116,5.762543467461501,66,45.79,45.66,-0.28390478270365266,93,284,251,247,284,-33,-11.619718309859154,186,9.23994038748137,37,14,19,12,22,5,7,7,12,13,249,18.087521544480865,19.796806966618284,56.15835777126097,5.663189269746646,3.5767511177347244,0.0014091228818693341,0.003933910306844979,0.024625267665952855,-0.0015649452269170805,-0.010597053502196863,-1,-7,-7,-33,302.99,311.8159,904.672,14
Winter Offensive Weapon Case,cases,2015,99.9504,1,9.62,9.18,8.73,9.65,-0.4399999999999995,-4.573804573804569,14,0.6954793840039741,12,12.91,12.85,-0.4647560030983772,6,893,906,892,906,13,1.4557670772676372,12,0.5961251862891207,11,2,2,0,3,0,6,4,12,13,36,5.590622966442112,10.538373424971363,48.913043478260796,0.19870839542970692,0.39741679085941384,0.000271518906579985,0.0,0.0,-0.0010881392818280489,-0.04573804573804574,0,0,0,13,302.99,311.8159,904.672,14
eSports 2013 Case,cases,2015,99.9504,1,44.04,43.77,41.91,45.83,-0.269999999999996,-0.6130790190735604,10,0.49677098857426727,10,78.7,78.46,-0.3049555273189442,7,244,239,239,244,-5,-2.0491803278688523,3,0.14903129657228018,4,0,1,0,2,1,5,3,12,13,25,3.7893526448372454,9.353376282510146,47.44897959183688,0.14903129657228018,0.0,0.00027543325419444436,0.0,0.0,-0.00045672527974416344,-0.006130790190735591,0,0,0,-5,302.99,311.8159,904.672,14
★ Bayonet | Forest DDPAT (Field-Tested),knives,2015,99.9504,1,129.35,140.02,117.33,140.65,10.670000000000016,8.248936992655599,12,0.5961251862891207,13,143.44,151.68,5.7445621862799845,18,9,8,7,10,-1,-11.11111111111111,9,0.44709388971684055,4,0,1,0,2,1,5,3,11,12,35,5.934518356655493,19.875564646722925,97.29845626072044,0.24838549428713363,0.19870839542970692,0.00793438584054572,0.0,0.0,-0.0006423524373706524,0.08248936992655609,0,0,0,-1,302.99,311.8159,904.672,14
★ Bowie Knife | Tiger Tooth (Factory New),knives,2015,99.9504,1,123.17,119.88,100.92,123.58,-3.2900000000000063,-2.671104976861254,27,1.3412816691505216,22,155.06,155.06,0.0,43,83,77,75,84,-6,-7.228915662650603,33,1.639344262295082,10,2,3,1,4,1,6,4,12,13,86,11.47871324555118,22.453428458184696,83.67166813768753,0.9935419771485345,0.6458022851465475,0.0020969685104071127,0.0,0.0,-0.022106207684150503,-0.026711049768612494,-1,-1,-1,-6,302.99,311.8159,904.672,14
★ Butterfly Knife | Slaughter (Minimal Wear),knives,2015,99.9504,1,1252.65,1293.62,1214.88,1331.39,40.9699999999998,3.2706661876820977,25,1.241927471435668,20,1579.49,1564.19,-0.9686671014061472,30,16,14,13,18,-2,-12.5,18,0.8941877794336811,6,0,3,0,3,3,4,4,11,12,47,3.7769134114523526,9.590247596470432,67.58218178697089,0.49677098857426727,0.39741679085941384,0.006081928173995857,0.0,0.0,-0.028368847595370394,0.03270666187682103,0,0,1,-2,302.99,311.8159,904.672,14
★ Butterfly Knife | Tiger Tooth (Factory New),knives,2015,99.9504,1,1135.91,1166.23,1044.92,1166.23,30.319999999999936,2.669225554841487,58,2.8812717337307503,37,1276.57,1284.12,0.5914285938099716,78,28,23,22,34,-5,-17.857142857142858,76,3.775459513164431,13,3,4,2,5,1,6,4,12,13,118,9.5358463605891,11.609501205833933,100.0,2.0367610531544957,1.7386984600099353,0.007006493458419196,0.08587523277467413,0.021404986906524037,0.02074343780907295,0.02669225554841481,-1,-1,-2,-5,302.99,311.8159,904.672,14
★ Driver Gloves | Imperial Plaid (Field-Tested),gloves,2015,99.9504,1,150.56,158.65,133.45,162.32,8.090000000000003,5.373273113708823,76,3.775459513164431,49,212.3,213.45,0.5416862929816191,112,156,147,146,159,-9,-5.769230769230769,113,5.61351217088922,14,6,6,1,14,0,7,6,12,13,175,13.287682450800641,21.633570625702514,87.28784205057158,2.9806259314456036,2.6328862394436165,0.0017669581348860619,0.0,0.0,0.04183083793012865,0.05373273113708832,0,-1,-2,-9,302.99,311.8159,904.672,14
★ Driver Gloves | Racing Green (Field-Tested),gloves,2015,99.9504,1,31.9,33.56,27.72,34.9,1.6600000000000037,5.203761755485905,55,2.73224043715847,31,39.01,38.8,-0.5383235067931322,56,139,129,127,139,-10,-7.194244604316546,68,3.3780427223050173,13,7,4,3,7,-3,5,5,12,13,85,26.36840690599287,25.901875901875904,81.3370473537605,1.987083954297069,1.3909587680079483,0.001453930960075309,-0.0017846519928612636,-0.0017846519928612636,0.05700787401574803,0.05203761755485914,1,0,1,-10,302.99,311.8159,904.672,14
★ Driver Gloves | Snow Leopard (Field-Tested),gloves,2015,99.9504,1,270.48,272.2,261.22,304.84,1.7199999999999704,0.6359065365276436,71,3.5270740188772978,46,359.31,358.58,-0.20316718154240576,130,94,82,76,95,-12,-12.76595744680851,117,5.812220566318927,20,5,10,5,11,5,6,4,12,13,160,8.427394771315697,16.698568256641888,25.17193947730393,3.278688524590164,2.5335320417287632,0.003417004922539211,0.0,-0.05564807105190128,-0.056270152203307666,0.006359065365276528,-1,1,2,-12,302.99,311.8159,904.672,14
★ Hand Wraps | Duct Tape (Battle-Scarred),gloves,2015,99.9504,1,55.5,49.28,47.37,55.5,-6.219999999999999,-11.207207207207205,15,0.7451564828614009,13,62.55,62.16,-0.6235011990407683,15,6,7,6,7,1,16.666666666666668,7,0.34773969200198707,2,1,0,0,1,-1,3,2,12,13,24,13.126227760995121,17.162761241291964,23.493234932349363,0.14903129657228018,0.19870839542970692,0.009254181776959802,0.0,0.0,-0.0006083958629081732,-0.11207207207207204,0,0,0,1,302.99,311.8159,904.672,14
★ Hand Wraps | Duct Tape (Field-Tested),gloves,2015,99.9504,1,49.26,52.29,41.14,52.72,3.030000000000001,6.151035322777104,53,2.6328862394436165,37,58.21,58.11,-0.17179178835251918,75,96,84,84,97,-12,-12.5,71,3.5270740188772978,14,8,5,4,9,-3,6,4,12,13,91,19.658181104009184,28.147788040836165,96.286701208981,2.2851465474416295,1.241927471435668,0.0026121845322487416,0.0,0.0,0.1417030567685591,0.061510353227770986,0,-1,-3,-12,302.99,311.8159,904.672,14
★ Hydra Gloves | Mangrove (Field-Tested),gloves,2015,99.9504,1,34.02,34.52,28.11,34.64,0.5,1.469723691945914,34,1.6890213611525087,25,37.54,37.46,-0.2131060202450674,42,66,67,63,70,1,1.5151515151515151,34,1.6890213611525087,8,4,1,1,6,-3,5,4,12,13,51,14.961554630290072,23.2301672002846,98.16232771822362,0.9438648782911078,0.7451564828614009,0.0025383933604695634,0.0,0.0,-0.001735106998264735,0.014697236919459122,0,0,0,1,302.99,311.8159,904.672,14
★ Hydra Gloves | Mangrove (Well-Worn),gloves,2015,99.9504,1,34.14,33.85,29.97,36.02,-0.28999999999999915,-0.8494434680726396,8,0.39741679085941384,7,36.83,36.32,-1.3847407005158785,13,4,4,3,5,0,0.0,4,0.19870839542970692,3,0,0,0,1,0,2,2,10,11,20,7.539511981178373,20.18685352018687,64.13223140495867,0.09935419771485346,0.09935419771485346,0.01171442585765041,0.0,0.0,-0.0008854781582054994,-0.008494434680726415,0,0,0,0,302.99,311.8159,904.672,14
★ Karambit | Crimson Web (Factory New),knives,2015,99.9504,1,6474.09,6420.66,6420.66,6474.09,-53.43000000000029,-0.8252897318387649,5,0.24838549428713363,6,6474.09,6420.66,-0.8252897318387649,5,1,1,1,1,0,0.0,0,0.0,1,0,0,0,0,0,0,1,0,1,10,0.1799699523906667,0.8321574417583285,0.0,0.0,0.0,0.0,0.0,0.0,-0.0006490444105136106,-0.00825289731838763,0,0,0,0,302.99,311.8159,904.672,14
★ Kukri Knife | Fade (Factory New),knives,2015,99.9504,1,170.32,167.39,144.47,177.31,-2.930000000000007,-1.720291216533588,43,2.136115250869349,33,212.83,209.22,-1.6961894469764665,79,80,84,79,91,4,5.0,66,3.278688524590164,13,4,6,1,6,2,4,5,12,13,121,9.967677980946515,22.731362912715447,69.79293544457973,1.639344262295082,1.639344262295082,0.0023860707806571207,0.0,-0.026292827642371064,0.04247368748832292,-0.01720291216533587,0,1,-4,4,302.99,311.8159,904.672,14
★ Kukri Knife | Forest DDPAT (Field-Tested),knives,2015,99.9504,1,46.48,50.19,41.01,50.6,3.710000000000001,7.981927710843377,34,1.6890213611525087,23,55.78,55.78,0.0,41,12,8,8,14,-4,-33.333333333333336,30,1.4903129657228018,7,1,4,0,4,3,5,4,12,13,48,14.627244658644498,23.38454035601074,95.72471324296139,0.8445106805762543,0.6458022851465475,0.010884508599185173,0.0951341915775692,0.0951341915775692,0.08448573898012102,0.07981927710843384,-1,-2,-4,-4,302.99,311.8159,904.672,14
★ Moto Gloves | Spearmint (Minimal Wear),gloves,2015,99.9504,1,3530.15,3501.01,3501.01,3530.15,-29.139999999999873,-0.8254606744755852,5,0.24838549428713363,6,4648.99,4610.62,-0.8253405578415934,5,2,2,2,2,0,0.0,0,0.0,1,0,0,0,0,0,0,1,5,6,11,0.17996087248405765,0.8323312415560045,0.0,0.0,0.0,0.0,0.0,0.0,-0.000650816803633103,-0.008254606744755866,0,0,0,0,302.99,311.8159,904.672,14
★ Moto Gloves | Turtle (Field-Tested),gloves,2015,99.9504,1,64.11,60.58,52.77,64.11,-3.530000000000001,-5.506161285290908,31,1.5399900645802285,21,87.95,86.92,-1.1711199545196147,62,122,122,122,129,0,0.0,53,2.6328862394436165,8,4,8,0,8,4,7,6,12,13,88,11.143443365123892,21.489482660602604,68.87125220458552,1.4406358668653751,1.1922503725782414,0.001594785316783476,0.0,0.005644090305444882,0.005477178423236584,-0.055061612852909114,0,-2,-3,0,302.99,311.8159,904.672,14
★ Moto Gloves | Turtle (Minimal Wear),gloves,2015,99.9504,1,123.6,120.12,110.75,129.29,-3.4799999999999898,-2.815533980582516,26,1.291604570293095,24,154.72,150.54,-2.7016546018614314,29,37,37,36,39,0,0.0,18,0.8941877794336811,4,2,1,0,3,-1,6,4,12,13,58,7.178085726687695,16.74040632054175,50.53937432578214,0.44709388971684055,0.44709388971684055,0.002531312689838988,0.0,0.0,-0.02894098625707353,-0.028155339805825186,0,0,0,0,302.99,311.8159,904.672,14
★ Navaja Knife | Scorched (Field-Tested),knives,2015,99.9504,1,37.69,36.75,35.28,43.62,-0.9399999999999977,-2.4940302467497952,15,0.7451564828614009,15,46.98,46.61,-0.7875691783737707,14,10,9,8,10,-1,-10.0,7,0.34773969200198707,3,0,1,0,2,1,3,3,10,11,27,13.549155371966046,23.639455782312915,17.625899280575535,0.19870839542970692,0.14903129657228018,0.006831919392263343,0.0,-0.12562455389007854,-0.0059507708953204785,-0.0249403024674979,0,1,0,-1,302.99,311.8159,904.672,14
★ Nomad Knife | Slaughter (Minimal Wear),knives,2015,99.9504,1,224.82,211.91,211.91,235.08,-12.909999999999997,-5.74237167511787,22,1.092896174863388,20,277.41,266.97,-3.7633827187195834,20,30,28,27,31,-2,-6.666666666666667,18,0.8941877794336811,5,1,1,0,3,0,4,3,12,13,45,3.9608128972472243,10.933887027511688,0.0,0.49677098857426727,0.39741679085941384,0.0033254727779009744,-0.039436108970581696,-0.027846591430406464,-0.07349597761455051,-0.057423716751178744,0,-1,1,-2,302.99,311.8159,904.672,14
★ Paracord Knife,knives,2015,99.9504,1,51.39,53.26,50.87,54.98,1.8699999999999974,3.6388402412920753,51,2.5335320417287632,36,62.53,60.7,-2.926595234287539,44,35,45,31,50,10,28.571428571428573,61,3.0303030303030303,13,5,5,2,6,0,6,5,12,13,88,5.6235871739390895,8.079418124631413,58.15085158150854,1.7386984600099353,1.291604570293095,0.008820293724517541,0.0,0.0,0.009094353921940135,0.03638840241292085,0,0,-2,10,302.99,311.8159,904.672,14
★ Shadow Daggers | Black Laminate (Battle-Scarred),knives,2015,99.9504,1,42.27,41.64,41.64,42.27,-0.6300000000000026,-1.4904187366926958,5,0.24838549428713363,6,61.4,47.59,-22.491856677524424,11,4,5,4,5,1,25.0,1,0.04967709885742673,2,0,0,0,1,0,2,2,11,12,22,0.31058878563563536,1.5129682997118217,0.0,0.0,0.04967709885742673,0.005572089983649915,0.0,0.0,-0.0007199424046077096,-0.014904187366927002,0,0,0,1,302.99,311.8159,904.672,14
★ Skeleton Knife | Tiger Tooth (Factory New),knives,2015,99.9504,1,320.51,321.02,293.85,321.39,0.5099999999999909,0.15912140026831953,66,3.278688524590164,41,366.57,368.17,0.43647870802303046,80,59,49,49,59,-10,-16.949152542372882,67,3.3283656234475907,11,4,6,1,6,2,3,4,12,13,117,8.860618946557066,9.372128637059712,98.65649963689178,1.9374068554396424,1.3909587680079483,0.003519252136499827,0.0,0.0,0.041326067211625794,0.00159121400268325,0,-3,-4,-10,302.99,311.8159,904.672,14
★ Specialist Gloves | Fade (Minimal Wear),gloves,2015,99.9504,1,515.56,513.64,504.28,532.55,-1.919999999999959,-0.3724105826673829,11,0.546448087431694,9,555.75,637.47,14.704453441295552,23,13,10,9,13,-3,-23.076923076923077,11,0.546448087431694,5,0,0,0,2,0,6,3,12,13,28,2.9964711930063026,5.606012532719914,33.109303148213726,0.34773969200198707,0.19870839542970692,0.006940562065729674,-0.03550840296685753,0.004556922414973297,0.003908998514580597,-0.003724105826673818,1,0,0,-3,302.99,311.8159,904.672,14
★ Sport Gloves | Bronze Morph (Field-Tested),gloves,2015,99.9504,1,84.25,76.03,76.03,85.81,-8.219999999999999,-9.7566765578635,29,1.4406358668653751,22,115.45,112.97,-2.1481160675617184,42,101,105,96,106,4,3.9603960396039604,30,1.4903129657228018,10,2,1,1,4,-1,7,4,12,13,68,7.581107819617812,12.86334341707221,0.0,0.8445106805762543,0.6458022851465475,0.0020860990559392898,0.0,0.0,-0.09531175630652078,-0.09756676557863497,0,-1,1,4,302.99,311.8159,904.672,14
★ Sport Gloves | Pandora's Box (Field-Tested),gloves,2015,99.9504,1,3883.28,3524.83,3260.58,3883.28,-358.4500000000003,-9.230598875177693,25,1.241927471435668,25,5457.45,5433.16,-0.44507966174678587,18,10,10,8,12,0,0.0,8,0.39741679085941384,5,0,0,0,1,0,4,2,10,11,42,7.587717791987463,19.09782922056813,42.43616508752206,0.19870839542970692,0.19870839542970692,0.008870507681089889,0.0,-0.016926415136437667,-0.018653444066116687,-0.09230598875177687,0,0,0,0,302.99,311.8159,904.672,14
★ Sport Gloves | Vice (Factory New),gloves,2015,99.9504,1,7504.65,7354.56,6097.79,7504.65,-150.08999999999924,-1.9999600247846234,8,0.39741679085941384,9,7504.65,7354.56,-1.9999600247846234,8,2,1,1,2,-1,-50.0,1,0.04967709885742673,2,0,0,0,0,0,0,1,6,7,15,9.711903151233628,23.07163742929815,89.33156106506694,0.04967709885742673,0.0,0.01114417996729983,0.0,0.0,-0.000649514766269732,-0.019999600247846194,0,0,0,-1,302.99,311.8159,904.672,14
★ Sport Gloves | Vice (Field-Tested),gloves,2015,99.9504,1,409.63,429.12,397.57,457.27,19.49000000000001,4.7579522984156455,42,2.0864381520119224,26,685.45,668.39,-2.488875920927866,95,66,62,51,68,-4,-6.0606060606060606,82,4.0735221063089915,18,4,1,1,8,-3,6,6,12,13,126,8.868167333160798,15.01622355811555,52.847571189279755,2.136115250869349,1.9374068554396424,0.003366879836253361,0.0,0.0,0.0,0.047579522984156464,0,0,0,-4,302.99,311.8159,904.672,14
★ StatTrak™ Navaja Knife | Blue Steel (Factory New),knives,2015,99.9504,1,18399.82,18196.29,18196.29,18399.82,-203.52999999999884,-1.1061521254012205,11,0.546448087431694,12,18399.82,18196.29,-1.1061521254012205,11,1,1,1,1,0,0.0,0,0.0,1,0,0,0,0,0,0,1,0,1,16,0.25424564362679947,1.1185247102568645,0.0,0.0,0.0,0.0,0.0,0.0,-0.001894045358354579,-0.011061521254012163,0,0,0,0,302.99,311.8159,904.672,14
★ Survival Knife,knives,2015,99.9504,1,52.36,55.24,47.02,55.5,2.8800000000000026,5.500381970970211,76,3.775459513164431,50,61.4,60.89,-0.8306188925081401,4,75,66,65,75,-9,-12.0,62,3.079980129160457,11,4,5,2,6,1,6,5,12,13,86,19.5523257583427,18.03487877498936,96.93396226415096,1.7883755588673622,1.291604570293095,0.002587268716884568,-0.0037871956717764332,-0.0037871956717764332,-0.0021676300578034047,0.05500381970970203,1,1,0,-9,302.99,311.8159,904.672,14
★ Talon Knife | Tiger Tooth (Factory New),knives,2015,99.9504,1,472.19,466.96,439.17,486.96,-5.230000000000018,-1.1076049895169355,51,2.5335320417287632,36,545.44,524.1,-3.9124376650044055,77,34,39,31,42,5,14.705882352941176,68,3.3780427223050173,12,4,4,1,5,0,7,5,12,13,106,7.265677209705531,10.881890839538212,58.15024063611631,1.5896671634376554,1.7883755588673622,0.005441649216325459,0.0,0.008226276584260006,0.01200641497984467,-0.011076049895169304,0,-2,-2,5,302.99,311.8159,904.672,14
