asset,category,observations,period_return_pct,listing_change_pct,listing_first,listing_last,price_first,price_last,realized_vol_daily_pct,observed_range_pct,price_transitions,listing_transitions,listing_activity_pct,price_activity_pct,sales_transitions,sales_24h_first,sales_24h_last,sales_24h_max,spearman_qty_minprice_6h,spearman_qty_medprice_6h,median_price_pct_change
AK-47 | Bloodsport (Field-Tested),weapons,2015,-1.9570445310556406,-10.434782608695652,115,103,120.59,118.23,5.932146253034389,11.650041182392243,44,73,3.626428216592151,2.185792349726776,5,2,5,6,-0.5256668335712857,-0.7038491532205207,-0.4330140401522088
AK-47 | Crane Flight (Field-Tested),weapons,2015,31.13636363636363,-60.57692307692308,104,41,13.2,17.31,54.0027869443274,62.77173913043479,123,198,9.836065573770492,6.110283159463488,7,18,22,27,-0.510302098684616,-0.7815383414519894,30.172894590072506
AK-47 | Inheritance (Field-Tested),weapons,2015,-0.8360302049622348,-8.411214953271028,321,294,37.08,36.77,25.528767874784574,46.36467453368863,122,221,10.978638847491306,6.0606060606060606,6,20,17,20,-0.26792457946193904,-0.4752329317071732,-0.9775967413442036
AK-47 | Olive Polycam (Factory New),weapons,2015,-2.631578947368418,0.0,1815,1815,0.38,0.37,1.717302661015529,5.405405405405411,3,26,1.291604570293095,0.14903129657228018,5,0,2,4,0.08443097332938107,0.21150771839072088,-0.48780487804877015
AK-47 | Redline (Field-Tested),weapons,2015,-0.20604395604396641,-1.5410958904109588,584,575,29.12,29.06,10.666902046020237,14.531249999999995,42,113,5.61351217088922,2.0864381520119224,7,8,11,14,-0.34027871095504264,-0.26802644119110675,-0.81208687440982
AK-47 | Vulcan (Factory New),weapons,2015,-3.3403398143282415,-3.5714285714285716,28,27,570.9,551.83,3.3102020812952127,6.65422322091947,17,11,0.546448087431694,0.8445106805762543,2,1,0,3,-0.4522211381796705,-0.6046347728604414,-12.621764095764595
AK-47 | Vulcan (Field-Tested),weapons,2015,-0.8378251699086015,5.208333333333333,96,101,170.68,169.25,6.839955697429165,10.788199031263764,28,29,1.4406358668653751,1.3909587680079483,5,3,0,3,-0.18116221389795617,-0.6205014932268823,-3.686342158553979
AK-47 | Wild Lotus (Factory New),weapons,2015,0.0,0.0,1,1,15453.24,15453.24,0.2547087068201018,0.3855425756582668,10,0,0.0,0.49677098857426727,0,0,0,0,,,0.0
AUG | Contractor (Field-Tested),weapons,2015,0.0,-0.27972027972027974,7865,7843,0.02,0.02,0.0,0.0,0,44,2.185792349726776,0.0,2,0,0,33,,,0.0
AUG | Hot Rod (Factory New),weapons,2015,-0.8559170843598585,50.0,4,6,470.84,466.81,20.006635219931017,48.296062992125975,23,4,0.19870839542970692,1.1425732737208147,1,0,1,1,-0.3326506122139738,-0.7391414576945308,-7.340959868299472
AUG | Storm (Field-Tested),weapons,2015,0.0,0.10325245224574084,7748,7756,0.02,0.02,0.0,0.0,0,38,1.8877297565822155,0.0,3,1,0,2,,,0.0
AWP | Asiimov (Field-Tested),weapons,2015,-5.68682059114185,-0.9569377990430622,209,207,111.31,104.98,7.8663955173469216,11.93073766389751,48,88,4.371584699453552,2.384500745156483,7,9,0,9,-0.3262961453981035,-0.4908376068441822,-1.1972592859718691
AWP | Atheris (Field-Tested),weapons,2015,-3.397027600849256,-0.20080321285140562,498,497,4.71,4.55,18.692699911055698,25.065274151436032,58,130,6.458022851465475,2.8812717337307503,7,10,6,18,-0.316328512563465,-0.5138796312326631,-0.9074410163339351
AWP | Atheris (Well-Worn),weapons,2015,-8.02139037433156,4.433497536945813,203,212,3.74,3.44,12.714475222046229,28.187919463087244,28,44,2.185792349726776,1.3909587680079483,3,3,5,5,0.15290311492764685,-0.29007260603829554,-2.107728337236531
AWP | Dragon Lore (Factory New),weapons,2015,-1.6854653252039054,0.0,5,5,11771.23,11572.83,9.270608954442821,19.33813941792975,11,6,0.29806259314456035,0.546448087431694,2,0,0,1,-0.40659980532486545,-0.5493246831416541,-0.8253910412970255
Antwerp 2022 Legends Sticker Capsule,capsules/stickers,2015,-21.276595744680847,-0.9734513274336283,2260,2238,0.47,0.37,21.86956079878759,65.62500000000001,10,21,1.0432190760059612,0.49677098857426727,6,1,64,64,-0.42368848395253345,-0.37939181038756226,-1.1764705882352953
Budapest 2025 Legends Sticker Capsule,capsules/stickers,2015,31.25,-0.9576505639497765,9398,9308,0.16,0.21,10.285784309207637,31.249999999999993,1,6,0.29806259314456035,0.04967709885742673,6,24,0,73,-0.48549846316996087,,0.0
CS:GO Weapon Case,cases,2015,-10.482746601603344,5.0,360,378,114.76,102.73,2.791332021424151,11.710308575878516,30,17,0.8445106805762543,1.4903129657228018,6,0,2,6,-0.1778267922950807,-0.8509246424323131,-6.682229355121102
Chroma 2 Case,cases,2015,-5.785123966942152,-2.7334729606358414,18621,18112,3.63,3.42,28.447979704172514,30.465949820788534,103,179,8.892200695479383,5.116741182314953,7,513,97,513,-0.06898416822681787,-0.027529661171790076,-4.123711340206171
Clutch Case,cases,2015,-3.6363636363636376,0.9599944145779515,28646,28921,0.55,0.53,42.228779813326305,73.52941176470586,66,140,6.954793840039741,3.278688524590164,7,457,60,457,-0.24725338572206002,0.0019865706713957285,-1.960784313725492
Danger Zone Case,cases,2015,-3.669724770642202,-1.8743591934381407,93632,91877,1.09,1.05,23.377560016576137,18.478260869565222,118,267,13.263785394932937,5.861897665176354,7,205,222,834,0.035901917191352016,-0.2552000059687216,-1.075268817204302
Desert Eagle | Printstream (Field-Tested),weapons,2015,0.34871244635192866,-4.157549234135668,457,438,37.28,37.41,17.69384988611396,16.10452749924037,122,232,11.525086934923001,6.0606060606060606,6,20,16,22,-0.3871489106139773,-0.7084424696241265,-0.4720161834120046
Dreams & Nightmares Case,cases,2015,-3.4188034188034178,-0.7361379807849953,60994,60545,1.17,1.13,68.0149396739711,52.439024390243915,306,542,26.924987580725286,15.201192250372578,7,671,936,1303,-0.05353302532549721,-0.5610750121808967,0.0
Fever Case,cases,2015,-6.451612903225811,4.213421941387951,36716,38263,0.62,0.58,36.33197038726272,65.85365853658539,50,161,7.9980129160457025,2.483854942871336,7,67,19,158,-0.12431057043272971,0.08389536613000659,-0.6849315068493157
Fracture Case,cases,2015,-2.083333333333337,1.2830319888734354,28760,29129,0.48,0.47,66.26923787621914,147.61904761904765,69,215,10.680576254346747,3.427719821162444,7,256,51,256,-0.3214175875196628,0.049481579866076486,-2.500000000000002
Glock-18 | Candy Apple (Factory New),weapons,2015,-5.327868852459017,-1.7743979721166032,789,775,2.44,2.31,20.771482029688347,31.891891891891884,67,114,5.663189269746646,3.3283656234475907,7,13,7,18,-0.4304940931532849,-0.12196994839802235,-5.121951219512184
Glock-18 | Sand Dune (Field-Tested),weapons,2015,67.18061674008811,-25.0,4,3,9.08,15.18,24.1434522973855,87.63796909492274,6,1,0.04967709885742673,0.29806259314456035,2,0,0,1,-0.45169481826062463,-0.45169481826062463,-2.6528258362168446
Glove Case,cases,2015,-2.41411327762302,2.356941838649156,8528,8729,10.77,10.51,16.08693958213013,20.641711229946523,82,163,8.097367113760557,4.0735221063089915,7,20,30,132,-0.3999180482527109,-0.6121973912111042,-4.3260473588342405
Huntsman Weapon Case,cases,2015,-5.242966751918166,0.6464124111182935,1547,1557,7.82,7.41,6.516934755054769,11.864406779661016,21,29,1.4406358668653751,1.0432190760059612,6,0,4,8,-0.24493722922275513,-0.22380000673484268,-1.3524936601859692
Kilowatt Case,cases,2015,0.0,-6.326513140998202,11681,10942,0.2,0.2,65.34545502479226,75.0,35,71,3.5270740188772978,1.7386984600099353,7,103,14,192,-0.2578709011876055,-0.11953143485156224,1.9230769230769247
M4A1-S | Black Lotus (Field-Tested),weapons,2015,-4.218362282878418,-1.1782032400589102,1358,1342,4.03,3.86,28.47159039274341,28.658536585365855,139,260,12.91604570293095,6.905116741182315,7,20,21,35,-0.3202527246840137,-0.054309420669830355,-0.9345794392523303
M4A1-S | Blue Phosphor (Factory New),weapons,2015,-1.3025761683119308,-3.260869565217391,92,89,586.53,578.89,4.095348797932609,8.524650141772618,32,53,2.6328862394436165,1.5896671634376554,6,4,5,6,-0.3875731910638457,-0.8119980955247481,-1.292469198163967
M4A1-S | Decimator (Battle-Scarred),weapons,2015,7.565470417070808,-3.896103896103896,77,74,10.31,11.09,16.47568546696529,39.2156862745098,14,7,0.34773969200198707,0.6954793840039741,2,0,0,1,-0.6266543369586101,-0.5651294914407923,-0.5537974683544326
M4A1-S | Decimator (Field-Tested),weapons,2015,0.4321521175453702,-1.7985611510791366,278,273,11.57,11.62,9.94634579294396,22.077922077922086,43,67,3.3283656234475907,2.136115250869349,6,3,8,14,-0.31154906727330967,-0.4896505654203712,-0.8141112618724626
M4A1-S | Hot Rod (Factory New),weapons,2015,-0.1359129613395571,-3.5714285714285716,28,27,1471.53,1469.53,5.554111792514026,14.385633128456828,18,7,0.34773969200198707,0.8941877794336811,3,0,1,1,-0.5072788748594291,-0.7089016502486057,-0.5255609487192663
M4A4 | Neo-Noir (Field-Tested),weapons,2015,-0.8810572687224738,-3.515625,256,247,31.78,31.5,4.349724291915864,9.389671361502337,29,42,2.0864381520119224,1.4406358668653751,6,3,2,4,-0.21962415551425177,-0.5553349758753657,-0.7161613750298332
Operation Bravo Case,cases,2015,-10.939667128987518,3.3536585365853657,328,339,57.68,51.37,2.7583849221706846,12.28343391084291,15,17,0.8445106805762543,0.7451564828614009,3,0,1,2,-0.11561586634162105,-0.12474843681679369,-1.296946771142926
Operation Breakout Weapon Case,cases,2015,-1.8421052631578894,3.1264750798278493,36015,37141,7.6,7.46,14.230702186228484,18.449612403100765,108,253,12.568306010928962,5.365126676602086,7,45,111,274,-0.22443716543246797,-0.29943120943681006,-1.6983016983016976
Operation Broken Fang Case,cases,2015,4.444444444444429,-2.9614009351792427,10907,10584,5.4,5.64,9.16343894973795,16.598360655737718,30,80,3.974167908594138,1.4903129657228018,7,74,49,183,-0.5222316061621114,-0.46839257548627217,0.32894736842106514
Operation Hydra Case,cases,2015,-6.052801030263999,11.267605633802816,355,395,31.06,29.18,4.108649993424114,11.233951497860208,16,26,1.291604570293095,0.7948335817188277,5,1,2,2,-0.24055053146733713,-0.7188932561732252,-5.141632944537007
Operation Riptide Case,cases,2015,-16.031390134529143,2.109394162374295,4077,4163,8.92,7.49,8.644497869245047,19.092122830440584,24,38,1.8877297565822155,1.1922503725782414,7,1,1,21,-0.33573435547698244,0.12521860082019304,-1.4274981217130074
P250 | Asiimov (Field-Tested),weapons,2015,0.6552006552006384,-4.29042904290429,303,290,12.21,12.29,8.99820811606836,15.44186046511628,22,46,2.2851465474416295,1.092896174863388,7,8,6,9,-0.5508297775154687,0.34077563887641726,-0.8571428571428515
P250 | Sand Dune (Minimal Wear),weapons,2015,25.0,4.342723004694836,852,889,0.04,0.05,8.440315812721048,25.000000000000004,1,15,0.7451564828614009,0.04967709885742673,3,0,1,1,-0.1317510676539768,-0.5602650684016605,-28.571428571428573
Paris 2023 Contenders Sticker Capsule,capsules/stickers,2015,0.0,-0.5201633200962023,17879,17786,0.15,0.15,0.0,0.0,0,9,0.44709388971684055,0.0,6,0,17,30,,-0.10832135481926025,-3.225806451612906
Recoil Case,cases,2015,3.2258064516129004,-0.27826713645099294,49952,49813,0.31,0.32,63.910269602927585,160.00000000000003,66,112,5.563835072031793,3.278688524590164,7,115,28,157,-0.0892030663260864,-0.176716325097136,-1.3888888888888902
SSG 08 | Acid Fade (Factory New),weapons,2015,-4.054054054054057,-1.196096946805162,3177,3139,0.74,0.71,11.61350286202251,21.311475409836067,22,101,5.017386984600099,1.092896174863388,6,7,8,16,-0.3040853455314564,-0.13296448200045613,-3.555555555555559
Shattered Web Case,cases,2015,-4.009433962264152,-2.5343642611683848,6984,6807,4.24,4.07,6.830018883620177,15.503875968992238,45,50,2.483854942871336,2.235469448584203,7,8,24,24,-0.26196931477430196,-0.1267882697270135,-0.5181347150259072
Souvenir AWP | Dragon Lore (Factory New),weapons,1750,-9.999992939802638,0.0,1,1,14163.91,12747.52,10.041841753831656,19.65935334872979,20,0,0.0,1.1441647597254005,0,0,0,0,,,-9.999992939802635
Spectrum 2 Case,cases,2015,-0.37037037037037646,2.4212660949449045,40929,41920,2.7,2.69,12.454619927066032,14.876033057851235,93,228,11.326378539493293,4.619970193740685,7,313,187,657,-0.3506156427886684,-0.5052551087383182,-2.1164021164021065
StatTrak™ M4A4 | Howl (Factory New),weapons,2015,-2.7009874865974504,0.0,2,2,16797.19,16343.5,0.7997971460709479,2.7759659803591563,8,0,0.0,0.39741679085941384,0,0,0,0,,,-2.1395967430930742
Sticker Capsule 2,capsules/stickers,2015,-0.5633802816901401,-2.477291494632535,1211,1181,10.65,10.59,24.642380106962545,41.622340425531924,42,28,1.3909587680079483,2.0864381520119224,6,7,8,24,-0.3987045542920432,-0.43524724114668445,0.039777247414471
Sticker | 100 Thieves | 2020 RMR,capsules/stickers,2015,0.0,-0.11467889908256881,3488,3484,0.02,0.02,0.0,0.0,0,3,0.14903129657228018,0.0,3,1,0,1,,,0.0
Sticker | Bad News Eagles | Paris 2023,capsules/stickers,2015,0.0,0.02209700585570655,9051,9053,0.02,0.02,0.0,0.0,0,8,0.39741679085941384,0.0,3,0,0,22,,,0.0
Sticker | Crown (Foil),capsules/stickers,2015,-24.87277479653869,46.666666666666664,15,22,505.01,379.4,23.236625188930493,75.1135614965845,30,13,0.6458022851465475,1.4903129657228018,6,0,2,2,-0.4685679599056488,-0.8240235876498022,-25.84925991039528
Sticker | Dragon Lore (Foil),capsules/stickers,2015,-15.715948777648425,-1.8518518518518519,162,159,8.59,7.24,9.204745333578042,18.810511756569838,13,9,0.44709388971684055,0.6458022851465475,4,0,0,2,-0.4183567654785925,-0.11222283065660853,-0.8130081300813123
Sticker | High Heat,capsules/stickers,2015,-17.543859649122805,-1.0314111579934364,2133,2111,0.57,0.47,45.08838601495291,52.63157894736841,32,43,2.136115250869349,1.5896671634376554,7,7,4,50,-0.299748565840291,-0.6103584411163161,-0.6172839506172845
Sticker | Howling Dawn,capsules/stickers,2015,-0.5703584621699176,0.0,1,1,5847.2,5813.85,0.21600981861872717,0.6139529761576898,11,0,0.0,0.546448087431694,0,0,0,0,,,-0.5703584621699181
Sticker | Reason Gaming (Holo) | Katowice 2014,capsules/stickers,2015,-0.825345734991878,0.0,1,1,82430.91,81750.57,0.1799685886314005,0.8322143808905509,5,0,0.0,0.24838549428713363,0,0,0,0,,,-0.8253457349918817
Sticker | Team Liquid | Paris 2023,capsules/stickers,2015,0.0,-0.06545573555882835,12222,12214,0.02,0.02,0.0,0.0,0,8,0.39741679085941384,0.0,3,1,0,1,,0.04175476415970499,0.0
Sticker | Titan (Holo) | Cologne 2014,capsules/stickers,2015,-11.14166237039582,17.647058823529413,17,20,174.57,155.12,3.4365525734252658,12.538679731820519,10,1,0.04967709885742673,0.49677098857426727,0,0,0,0,-0.21245988787766557,-0.4645752227993922,-31.1083467338208
Sticker | Titan | Cluj-Napoca 2015,capsules/stickers,2015,-13.71766444937178,2.898550724637681,69,71,67.65,58.37,5.269459873387858,15.898578036662684,5,1,0.04967709885742673,0.24838549428713363,1,1,0,1,-0.48297084476261287,0.08155088607669017,-0.8251872540307116
Sticker | Virtus.pro | Katowice 2015,capsules/stickers,2015,0.24052916416117398,-11.11111111111111,18,16,16.63,16.67,0.8877804650843193,1.327700663850325,9,4,0.19870839542970692,0.44709388971684055,4,0,0,1,-0.3611469032258587,-0.6240722562916764,-0.19317450096587982
Sticker | Winding Scorch (Foil),capsules/stickers,2015,12.195121951219523,-4.865150713907985,1891,1799,1.64,1.84,16.824365818435023,43.4108527131783,28,41,2.0367610531544957,1.3909587680079483,7,15,14,32,-0.5499275343470261,-0.15992450954165047,0.36968576709795886
Sticker | iBUYPOWER (Holo) | Cologne 2014,capsules/stickers,2015,-0.5686139582050553,0.0,17,17,276.11,274.54,0.21595415650464267,0.6158443262152896,11,0,0.0,0.546448087431694,0,0,0,0,,,-0.8259587020648967
Sticker | iBUYPOWER | Cologne 2014,capsules/stickers,2015,6.841322503146108,-15.151515151515152,33,28,87.41,93.39,3.353348408752551,12.893261640544571,11,5,0.24838549428713363,0.546448087431694,3,0,0,3,-0.659810615041567,-0.5118456557960783,1.3296890005170887
Stockholm 2021 Challengers Sticker Capsule,capsules/stickers,2015,-3.4285714285714364,6.2009978617248755,2806,2980,1.75,1.69,4.047067438122998,8.588957055214733,10,24,1.1922503725782414,0.49677098857426727,7,23,1,42,-0.5072899247727286,-0.44224954045077003,-13.223140495867764
Stockholm 2021 Legends Sticker Capsule,capsules/stickers,2015,10.344827586206895,0.9069568928723858,9372,9457,0.87,0.96,8.61648469244252,27.999999999999996,12,29,1.4406358668653751,0.5961251862891207,6,4,0,90,-0.3083710874581917,-0.46434717379323004,-1.3972055888223434
USP-S | Printstream (Field-Tested),weapons,2015,-1.0597053502196863,-11.619718309859154,284,251,38.69,38.28,18.087521544480865,19.796806966618284,116,186,9.23994038748137,5.762543467461501,7,14,19,22,-0.31145502757519616,-0.5325082739345022,-0.28390478270365266
Winter Offensive Weapon Case,cases,2015,-4.5738045738045745,1.4557670772676372,893,906,9.62,9.18,5.590622966442112,10.538373424971363,14,12,0.5961251862891207,0.6954793840039741,6,2,2,3,-0.08424492247642407,0.026164770725635257,-0.4647560030983772
eSports 2013 Case,cases,2015,-0.6130790190735591,-2.0491803278688523,244,239,44.04,43.77,3.7893526448372454,9.353376282510146,10,3,0.14903129657228018,0.49677098857426727,5,0,1,2,-0.43968497309266685,-0.705850971632678,-0.3049555273189442
★ Bayonet | Forest DDPAT (Field-Tested),knives,2015,8.248936992655608,-11.11111111111111,9,8,129.35,140.02,5.934518356655493,19.875564646722925,12,9,0.44709388971684055,0.5961251862891207,5,0,1,2,-0.3881446135208865,-0.524876246092708,5.7445621862799845
★ Bowie Knife | Tiger Tooth (Factory New),knives,2015,-2.6711049768612494,-7.228915662650603,83,77,123.17,119.88,11.47871324555118,22.453428458184696,27,33,1.639344262295082,1.3412816691505216,6,2,3,4,-0.4470210584677683,-0.6959424962951237,0.0
★ Butterfly Knife | Slaughter (Minimal Wear),knives,2015,3.270666187682103,-12.5,16,14,1252.65,1293.62,3.7769134114523526,9.590247596470432,25,18,0.8941877794336811,1.241927471435668,4,0,3,3,-0.3970842063507288,-0.796304574534734,-0.9686671014061472
★ Butterfly Knife | Tiger Tooth (Factory New),knives,2015,2.669225554841481,-17.857142857142858,28,23,1135.91,1166.23,9.5358463605891,11.609501205833933,58,76,3.775459513164431,2.8812717337307503,6,3,4,5,-0.5805566878934958,-0.7278980687769298,0.5914285938099716
★ Driver Gloves | Imperial Plaid (Field-Tested),gloves,2015,5.373273113708832,-5.769230769230769,156,147,150.56,158.65,13.287682450800641,21.633570625702514,76,113,5.61351217088922,3.775459513164431,7,6,6,14,-0.5203438980315256,-0.5492199593000158,0.5416862929816191
★ Driver Gloves | Racing Green (Field-Tested),gloves,2015,5.203761755485914,-7.194244604316546,139,129,31.9,33.56,26.36840690599287,25.901875901875904,55,68,3.3780427223050173,2.73224043715847,5,7,4,7,-0.3094170041563709,-0.5139281111180887,-0.5383235067931322
★ Driver Gloves | Snow Leopard (Field-Tested),gloves,2015,0.6359065365276528,-12.76595744680851,94,82,270.48,272.2,8.427394771315697,16.698568256641888,71,117,5.812220566318927,3.5270740188772978,6,5,10,11,-0.5738261793647969,-0.31599926209433804,-0.20316718154240576
★ Hand Wraps | Duct Tape (Battle-Scarred),gloves,2015,-11.207207207207205,16.666666666666668,6,7,55.5,49.28,13.126227760995121,17.162761241291964,15,7,0.34773969200198707,0.7451564828614009,3,1,0,1,-0.7399948800662096,-0.6703488187726261,-0.6235011990407683
★ Hand Wraps | Duct Tape (Field-Tested),gloves,2015,6.151035322777099,-12.5,96,84,49.26,52.29,19.658181104009184,28.147788040836165,53,71,3.5270740188772978,2.6328862394436165,6,8,5,9,-0.49441182071991985,-0.5108599469838411,-0.17179178835251918
★ Hydra Gloves | Mangrove (Field-Tested),gloves,2015,1.4697236919459122,1.5151515151515151,66,67,34.02,34.52,14.961554630290072,23.2301672002846,34,34,1.6890213611525087,1.6890213611525087,5,4,1,6,-0.656940212975776,-0.6033076130424867,-0.2131060202450674
★ Hydra Gloves | Mangrove (Well-Worn),gloves,2015,-0.8494434680726415,0.0,4,4,34.14,33.85,7.539511981178373,20.18685352018687,8,4,0.19870839542970692,0.39741679085941384,2,0,0,1,-0.23240331401933234,-0.19043126590158788,-1.3847407005158785
★ Karambit | Crimson Web (Factory New),knives,2015,-0.8252897318387631,0.0,1,1,6474.09,6420.66,0.1799699523906667,0.8321574417583285,5,0,0.0,0.24838549428713363,0,0,0,0,,,-0.8252897318387649
★ Kukri Knife | Fade (Factory New),knives,2015,-1.720291216533587,5.0,80,84,170.32,167.39,9.967677980946515,22.731362912715447,43,66,3.278688524590164,2.136115250869349,4,4,6,6,-0.5958198380559246,-0.6674665969797778,-1.6961894469764665
★ Kukri Knife | Forest DDPAT (Field-Tested),knives,2015,7.981927710843384,-33.333333333333336,12,8,46.48,50.19,14.627244658644498,23.38454035601074,34,30,1.4903129657228018,1.6890213611525087,5,1,4,4,-0.667725447548845,-0.7836760862419848,0.0
★ Moto Gloves | Spearmint (Minimal Wear),gloves,2015,-0.8254606744755866,0.0,2,2,3530.15,3501.01,0.17996087248405765,0.8323312415560045,5,0,0.0,0.24838549428713363,0,0,0,0,,,-0.8253405578415934
★ Moto Gloves | Turtle (Field-Tested),gloves,2015,-5.506161285290911,0.0,122,122,64.11,60.58,11.143443365123892,21.489482660602604,31,53,2.6328862394436165,1.5399900645802285,7,4,8,8,-0.42679626068976084,-0.7663670650110768,-1.1711199545196147
★ Moto Gloves | Turtle (Minimal Wear),gloves,2015,-2.8155339805825186,0.0,37,37,123.6,120.12,7.178085726687695,16.74040632054175,26,18,0.8941877794336811,1.291604570293095,6,2,1,3,-0.23270540854639568,-0.6875887603455408,-2.7016546018614314
★ Navaja Knife | Scorched (Field-Tested),knives,2015,-2.49403024674979,-10.0,10,9,37.69,36.75,13.549155371966046,23.639455782312915,15,7,0.34773969200198707,0.7451564828614009,3,0,1,2,-0.5945796246501336,-0.7363883759470118,-0.7875691783737707
★ Nomad Knife | Slaughter (Minimal Wear),knives,2015,-5.742371675117875,-6.666666666666667,30,28,224.82,211.91,3.9608128972472243,10.933887027511688,22,18,0.8941877794336811,1.092896174863388,4,1,1,3,-0.4254770872346884,-0.6003238295707319,-3.7633827187195834
★ Paracord Knife,knives,2015,3.638840241292085,28.571428571428573,35,45,51.39,53.26,5.6235871739390895,8.079418124631413,51,61,3.0303030303030303,2.5335320417287632,6,5,5,6,-0.4173461950968819,-0.6702843102101191,-2.926595234287539
★ Shadow Daggers | Black Laminate (Battle-Scarred),knives,2015,-1.4904187366927002,25.0,4,5,42.27,41.64,0.31058878563563536,1.5129682997118217,5,1,0.04967709885742673,0.24838549428713363,2,0,0,1,0.08781488529537093,-0.42529635428705465,-22.491856677524424
★ Skeleton Knife | Tiger Tooth (Factory New),knives,2015,0.159121400268325,-16.949152542372882,59,49,320.51,321.02,8.860618946557066,9.372128637059712,66,67,3.3283656234475907,3.278688524590164,3,4,6,6,-0.37664567270033433,-0.6296292924341981,0.43647870802303046
★ Specialist Gloves | Fade (Minimal Wear),gloves,2015,-0.3724105826673818,-23.076923076923077,13,10,515.56,513.64,2.9964711930063026,5.606012532719914,11,11,0.546448087431694,0.546448087431694,6,0,0,2,-0.19977550792191973,-0.6135558300762923,14.704453441295552
★ Sport Gloves | Bronze Morph (Field-Tested),gloves,2015,-9.756676557863496,3.9603960396039604,101,105,84.25,76.03,7.581107819617812,12.86334341707221,29,30,1.4903129657228018,1.4406358668653751,7,2,1,4,-0.5034847416299022,-0.7759865206233272,-2.1481160675617184
★ Sport Gloves | Pandora's Box (Field-Tested),gloves,2015,-9.230598875177687,0.0,10,10,3883.28,3524.83,7.587717791987463,19.09782922056813,25,8,0.39741679085941384,1.241927471435668,4,0,0,1,-0.3097805517356628,-0.6395111445396608,-0.44507966174678587
★ Sport Gloves | Vice (Factory New),gloves,2015,-1.9999600247846194,-50.0,2,1,7504.65,7354.56,9.711903151233628,23.07163742929815,8,1,0.04967709885742673,0.39741679085941384,0,0,0,0,-0.0824444041574049,-0.0824444041574049,-1.9999600247846234
★ Sport Gloves | Vice (Field-Tested),gloves,2015,4.757952298415646,-6.0606060606060606,66,62,409.63,429.12,8.868167333160798,15.01622355811555,42,82,4.0735221063089915,2.0864381520119224,6,4,1,8,-0.3541665462051734,-0.5658491716211623,-2.488875920927866
★ StatTrak™ Navaja Knife | Blue Steel (Factory New),knives,2015,-1.1061521254012163,0.0,1,1,18399.82,18196.29,0.25424564362679947,1.1185247102568645,11,0,0.0,0.546448087431694,0,0,0,0,,,-1.1061521254012205
★ Survival Knife,knives,2015,5.500381970970203,-12.0,75,66,52.36,55.24,19.5523257583427,18.03487877498936,76,62,3.079980129160457,3.775459513164431,6,4,5,6,-0.6975186741762835,-0.1224373612340642,-0.8306188925081401
★ Talon Knife | Tiger Tooth (Factory New),knives,2015,-1.1076049895169304,14.705882352941176,34,39,472.19,466.96,7.265677209705531,10.881890839538212,51,68,3.3780427223050173,2.5335320417287632,7,4,4,5,-0.4730504525219634,-0.914043077430332,-3.9124376650044055
